1.650671839714050293e+00,2.288095206022262573e-01
-1.340072005987167358e-01,1.577947616577148438e+00
-1.139649868011474609e+00,1.580402255058288574e-02
-1.483236253261566162e-01,-8.587473630905151367e-01
-6.115388870239257812e-01,-8.030133247375488281e-01
-1.203815579414367676e+00,1.264431238174438477e+00
9.635568857192993164e-01,2.054082870483398438e+00
-5.654558539390563965e-01,-3.996604979038238525e-01
-4.614696204662322998e-01,2.016470432281494141e+00
1.472635269165039062e+00,7.197535037994384766e-01
2.007844924926757812e+00,1.195975661277770996e+00
7.029674053192138672e-01,-2.182881832122802734e-01
-5.470854043960571289e-02,1.299694418907165527e+00
-8.205722570419311523e-01,1.742355823516845703e+00
1.031396389007568359e+00,-1.254545450210571289e+00
1.272464275360107422e+00,1.338883161544799805e+00
-1.026279687881469727e+00,-4.266370832920074463e-01
-1.083273887634277344e-01,3.741962909698486328e-01
-1.044730544090270996e+00,-7.814756780862808228e-02
1.381698846817016602e+00,-8.985290527343750000e-01
1.874295353889465332e+00,-3.677356243133544922e-01
-9.766258299350738525e-02,-9.201599955558776855e-01
1.222697734832763672e+00,3.521993160247802734e-01
1.366077661514282227e+00,-7.045953273773193359e-01
-1.133275985717773438e+00,-2.933001816272735596e-01
3.813582062721252441e-01,-1.550010919570922852e+00
1.743136525154113770e+00,-8.530995845794677734e-01
3.128691017627716064e-01,2.581944704055786133e+00
5.926407873630523682e-02,6.299442052841186523e-01
7.280443608760833740e-02,1.713547468185424805e+00
1.389501094818115234e-01,9.061764478683471680e-01
-1.028296351432800293e+00,2.194187045097351074e-01
1.241389274597167969e+00,2.790008783340454102e-01
-8.255805820226669312e-03,2.638161182403564453e+00
2.652557790279388428e-01,1.866455078125000000e+00
8.398792743682861328e-01,-1.143548190593719482e-01
1.522174000740051270e+00,-1.235026955604553223e+00
-1.520453572273254395e+00,-1.830980628728866577e-01
-1.747933506965637207e+00,8.855351209640502930e-01
4.000634551048278809e-01,1.871350407600402832e+00
1.236685395240783691e+00,3.189025521278381348e-01
9.352508187294006348e-01,7.802562713623046875e-01
1.746316194534301758e+00,-5.393735170364379883e-01
4.286956787109375000e-02,-9.433260560035705566e-01
4.485397636890411377e-01,-8.272486925125122070e-01
-9.442902803421020508e-01,-1.163272261619567871e+00
1.190128564834594727e+00,1.178190231323242188e+00
7.077120542526245117e-01,1.985147476196289062e+00
-4.290143251419067383e-01,-6.961266398429870605e-01
1.443169832229614258e+00,-1.097196102142333984e+00
-1.219681739807128906e+00,6.963747143745422363e-01
-2.800782322883605957e-01,1.253796339035034180e+00
-1.043212771415710449e+00,-3.342216312885284424e-01
4.172510206699371338e-01,-4.154822230339050293e-01
-7.718549966812133789e-01,1.199749588966369629e+00
2.093445807695388794e-01,-9.622622728347778320e-01
-6.869574785232543945e-01,-4.025132656097412109e-01
-8.545444011688232422e-01,-4.355131387710571289e-01
-7.056559920310974121e-01,1.395187139511108398e+00
4.943225085735321045e-01,-9.872566461563110352e-01
1.001972779631614685e-01,-2.267558276653289795e-01
-1.224905967712402344e+00,-1.266855895519256592e-01
-6.285790205001831055e-01,9.194788932800292969e-01
6.391884386539459229e-02,5.246590375900268555e-01
2.318695306777954102e+00,5.938500761985778809e-01
-2.074967920780181885e-01,-1.185733079910278320e+00
-3.318216204643249512e-01,-4.999203085899353027e-01
-1.206078648567199707e+00,-6.521459221839904785e-01
-1.229556322097778320e+00,-3.287066221237182617e-01
8.110136389732360840e-01,-4.863586127758026123e-01
1.949894070625305176e+00,-5.692075490951538086e-01
-4.483321905136108398e-01,4.002980589866638184e-01
1.131215691566467285e+00,-8.347589373588562012e-01
-8.471991121768951416e-02,-4.946180880069732666e-01
-7.568026185035705566e-01,-8.209111094474792480e-01
1.116813778877258301e+00,-8.035705089569091797e-01
3.502303361892700195e-02,-4.832572042942047119e-01
1.453115642070770264e-01,1.451100945472717285e+00
-5.580958127975463867e-01,-8.332629203796386719e-01
-1.287084937095642090e+00,-1.094345301389694214e-01
8.711825609207153320e-01,-7.258785963058471680e-01
9.361240863800048828e-01,2.717641890048980713e-01
-3.373106122016906738e-01,5.059123039245605469e-01
1.793031245470046997e-01,-5.182062387466430664e-01
-1.439493894577026367e+00,7.355257868766784668e-03
-4.405552744865417480e-01,8.351855278015136719e-01
1.376150608062744141e+00,-2.938226461410522461e-01
-6.551170945167541504e-01,1.403628826141357422e+00
-1.016899108886718750e+00,-1.564489603042602539e-01
-6.560888290405273438e-01,5.400049090385437012e-01
-7.735630869865417480e-01,-2.906388044357299805e-01
-7.353098392486572266e-01,-6.613425016403198242e-01
-1.409253597259521484e+00,-7.291490435600280762e-01
9.455124735832214355e-01,-1.312997341156005859e+00
9.085398316383361816e-01,-1.231197595596313477e+00
3.337635695934295654e-01,-9.877228140830993652e-01
4.111682176589965820e-01,-9.004496335983276367e-01
1.058344483375549316e+00,-3.321341425180435181e-02
2.427314221858978271e-01,2.542234361171722412e-01
-1.018545866012573242e+00,-8.297030329704284668e-01
-6.340858936309814453e-01,-1.166216611862182617e+00
6.230436265468597412e-02,6.431795954704284668e-01
-1.983494162559509277e-01,2.199931442737579346e-02
3.367793560028076172e-01,-2.921854853630065918e-01
-1.450390577316284180e+00,3.752442300319671631e-01
1.080932378768920898e+00,-8.695727586746215820e-01
9.974986314773559570e-01,-4.484788775444030762e-01
-8.482289314270019531e-01,-2.895158529281616211e-01
1.587520480155944824e+00,-6.334092468023300171e-02
9.697989821434020996e-01,-1.450829207897186279e-01
1.839888095855712891e-02,8.439522385597229004e-01
-1.034922897815704346e-02,1.110817670822143555e+00
1.839455217123031616e-02,2.332389354705810547e+00
1.226484417915344238e+00,-5.872933268547058105e-01
-7.770537137985229492e-01,3.927332907915115356e-02
-6.518033146858215332e-01,3.635460138320922852e-01
-1.026598691940307617e+00,-1.328461915254592896e-01
2.025057554244995117e+00,4.856382012367248535e-01
-8.097090721130371094e-01,-9.274751543998718262e-01
1.916404068470001221e-01,-1.355235338211059570e+00
1.019961237907409668e+00,-1.129467368125915527e+00
9.568200707435607910e-01,-5.729095339775085449e-01
-5.297833681106567383e-01,-5.393704175949096680e-01
-1.408789992332458496e+00,-1.626351177692413330e-01
-4.712006747722625732e-01,1.510100603103637695e+00
-5.368394851684570312e-01,-8.401876688003540039e-01
-1.395996451377868652e+00,3.811943829059600830e-01
2.080579400062561035e-01,2.071684122085571289e+00
9.138972163200378418e-01,-7.734653353691101074e-01
-4.719196259975433350e-01,-9.233412146568298340e-01
2.026686906814575195e+00,6.044343709945678711e-01
9.616180658340454102e-01,-1.374433040618896484e+00
-1.099152088165283203e+00,1.552309095859527588e-02
-1.260174632072448730e+00,-1.190107613801956177e-01
-6.591848134994506836e-01,4.303302764892578125e-01
-1.672930479049682617e+00,-5.579967424273490906e-02
-6.378534436225891113e-01,1.362254619598388672e+00
1.310385704040527344e+00,2.053862571716308594e+00
-5.647945404052734375e-01,4.594982266426086426e-01
-4.793564081192016602e-01,-1.074746608734130859e+00
4.564008712768554688e-01,-8.401817083358764648e-01
-9.123583436012268066e-01,9.129607677459716797e-02
-1.880038976669311523e-01,-2.214621454477310181e-01
7.140940427780151367e-01,-8.031791448593139648e-01
1.046139001846313477e+00,-1.026028275489807129e+00
-8.181107044219970703e-01,1.242294192314147949e+00
-1.778353571891784668e+00,5.538904070854187012e-01
8.737735748291015625e-01,-3.366459906101226807e-01
1.080808281898498535e+00,-5.496964454650878906e-01
3.168161213397979736e-01,2.018876075744628906e+00
-1.024453341960906982e-02,-9.355775713920593262e-01
1.027233242988586426e+00,6.818473339080810547e-04
2.527142763137817383e+00,7.921169996261596680e-01
1.003288030624389648e-01,1.252994537353515625e+00
-1.708188533782958984e+00,-1.260995119810104370e-02
-7.732731103897094727e-01,2.088059633970260620e-01
1.183899998664855957e+00,2.441597282886505127e-01
-5.455761551856994629e-01,-7.799645662307739258e-01
1.307566463947296143e-02,1.656977415084838867e+00
-1.643888473510742188e+00,6.984770894050598145e-01
-3.225991427898406982e-01,-2.020827084779739380e-01
6.056578755378723145e-01,2.456020116806030273e+00
3.981030285358428955e-01,-1.502901077270507812e+00
1.750707179307937622e-01,-4.052428603172302246e-01
1.090781569480895996e+00,-7.004730403423309326e-03
5.748478174209594727e-01,-1.072662711143493652e+00
-1.081960439682006836e+00,-1.328353583812713623e-02
-7.070646882057189941e-01,-8.293310999870300293e-01
1.279074698686599731e-02,1.252263784408569336e+00
-8.471671342849731445e-01,-4.731091856956481934e-01
1.301833033561706543e+00,6.905272603034973145e-01
-6.639981865882873535e-01,1.477700352668762207e+00
5.110461711883544922e-01,-9.072014689445495605e-01
-1.484526395797729492e-01,-1.294482111930847168e+00
7.978796958923339844e-01,5.855754017829895020e-01
7.077789306640625000e-01,2.297229290008544922e+00
-4.083395600318908691e-01,2.015600919723510742e+00
-5.875570774078369141e-01,-4.905505478382110596e-01
-4.738322198390960693e-01,-6.314839124679565430e-01
-1.114344894886016846e-01,2.410665750503540039e+00
9.092906117439270020e-02,-8.976196050643920898e-01
-1.445246338844299316e+00,3.012948632240295410e-01
1.803457140922546387e-01,-8.206776976585388184e-01
-1.095452189445495605e+00,3.730000853538513184e-01
3.694068789482116699e-01,-1.022970557212829590e+00
3.659337759017944336e-01,1.498911619186401367e+00
1.557400226593017578e+00,-1.292220205068588257e-01
-3.592133522033691406e-03,2.209146499633789062e+00
1.941079258918762207e+00,-3.403103649616241455e-01
-8.648545145988464355e-01,9.864061474800109863e-01
8.435012698173522949e-01,-1.080945372581481934e+00
-1.074375987052917480e+00,2.247981429100036621e-01
-7.706937789916992188e-01,-8.246950507164001465e-01
-5.665475130081176758e-01,-9.569710493087768555e-01
6.491441130638122559e-01,-9.192034006118774414e-01
3.144428253173828125e+00,5.393772721290588379e-01
-1.694439947605133057e-01,-8.992835879325866699e-02
-1.404210686683654785e+00,2.000759840011596680e-01
-7.661086916923522949e-01,-4.129729568958282471e-01
-3.828689455986022949e-03,6.812000274658203125e-01
-1.338798701763153076e-01,2.257385015487670898e+00
1.445610523223876953e+00,-2.977069318294525146e-01
-9.319151639938354492e-01,1.423405528068542480e+00
-1.392528414726257324e+00,-2.794627547264099121e-01
-1.659659743309020996e+00,4.708863794803619385e-01
-1.931225061416625977e-01,7.317340970039367676e-01
-1.113613605499267578e+00,-4.134204387664794922e-01
-3.431566059589385986e-01,2.243849039077758789e+00
1.098090767860412598e+00,-1.128256797790527344e+00
1.552153706550598145e+00,-7.679200172424316406e-02
-2.643575370311737061e-01,-1.245254397392272949e+00
-7.093071937561035156e-02,4.583850502967834473e-01
3.656890988349914551e-01,1.620520353317260742e+00
1.124218106269836426e+00,6.788026075810194016e-04
-1.154206633567810059e+00,-6.104989051818847656e-01
-1.014994025230407715e+00,4.796853661537170410e-01
-1.160702407360076904e-01,-2.419094145298004150e-01
2.411231994628906250e+00,-6.920137405395507812e-01
-6.951951384544372559e-01,-7.834254503250122070e-01
-1.310554385185241699e+00,2.231626063585281372e-01
5.149103999137878418e-01,1.427756547927856445e+00
4.148329198360443115e-01,-2.555598616600036621e-01
1.774399995803833008e+00,1.038547396659851074e+00
1.064028739929199219e+00,7.458816766738891602e-01
2.007713615894317627e-01,-1.169424891471862793e+00
-5.311347246170043945e-01,-9.413251876831054688e-01
-1.459646463394165039e+00,8.567345738410949707e-01
1.725834012031555176e+00,1.089767098426818848e+00
-3.650171756744384766e-01,-4.554238319396972656e-01
1.770564168691635132e-01,2.226312160491943359e+00
4.796452224254608154e-01,-8.995578289031982422e-01
2.162863612174987793e-01,-9.961721897125244141e-01
1.617843955755233765e-01,3.298758268356323242e-01
-2.445668354630470276e-02,-8.065685033798217773e-01
1.116966247558593750e+00,-3.801294565200805664e-01
1.656147956848144531e+00,5.480525493621826172e-01
1.127016693353652954e-01,2.061363697052001953e+00
1.038567721843719482e-01,1.417002677917480469e+00
3.293566405773162842e-01,-9.119160175323486328e-01
-1.419103503227233887e+00,-2.057103663682937622e-01
3.296822905540466309e-01,-5.483535528182983398e-01
5.771036148071289062e-01,-2.028537988662719727e-01
2.102582931518554688e+00,7.622474431991577148e-01
-9.207771420478820801e-01,-5.014885663986206055e-01
9.747380763292312622e-02,2.103195905685424805e+00
-1.815151572227478027e-01,-2.897949516773223877e-01
9.729924201965332031e-01,-1.150074481964111328e+00
1.328315138816833496e-01,4.462157487869262695e-01
-1.569548845291137695e+00,1.480191648006439209e-01
-3.278346955776214600e-01,-1.258492588996887207e+00
-1.600787878036499023e+00,6.749826669692993164e-01
-1.270782828330993652e+00,1.282699227333068848e+00
1.589874148368835449e+00,-9.670774340629577637e-01
-7.712560892105102539e-01,1.040244176983833313e-01
-1.530597090721130371e+00,6.605334877967834473e-01
7.977560162544250488e-01,-1.331340670585632324e+00
-4.198966175317764282e-02,-2.015795409679412842e-01
1.033886790275573730e+00,2.792421817779541016e+00
-3.790261745452880859e-01,-8.975556492805480957e-02
-1.383966952562332153e-01,3.924223184585571289e-01
8.733102083206176758e-01,-7.378096580505371094e-01
2.751974463462829590e-01,-4.235125780105590820e-01
-1.418134808540344238e+00,1.903607249259948730e-01
-8.253390192985534668e-01,5.859991312026977539e-01
1.501124262809753418e+00,5.348396301269531250e-01
-1.305446386337280273e+00,-3.651739656925201416e-01
-1.297110080718994141e+00,5.273665785789489746e-01
-1.415902376174926758e+00,1.990029811859130859e-01
-1.454513788223266602e+00,-4.099668860435485840e-01
2.356532216072082520e-02,3.359178006649017334e-01
2.517924308776855469e-01,2.481815338134765625e+00
-3.769110143184661865e-01,1.379483699798583984e+00
-6.687625646591186523e-01,-1.100917935371398926e+00
-9.485405683517456055e-01,4.174084216356277466e-02
-6.420264393091201782e-02,5.205185413360595703e-01
5.240688323974609375e-01,-1.035716414451599121e+00
-3.907499313354492188e-01,1.103208363056182861e-01
1.013807058334350586e+00,-1.497101932764053345e-01
5.080991983413696289e-02,1.547174602746963501e-01
-8.154847621917724609e-01,-1.567826792597770691e-02
2.079848051071166992e+00,3.088304102420806885e-01
-1.391451060771942139e-01,-1.349820852279663086e+00
7.165427207946777344e-01,-1.107893109321594238e+00
-5.590056777000427246e-01,-5.374827980995178223e-01
6.675733327865600586e-01,-1.085559725761413574e+00
-1.060579895973205566e+00,1.612028956413269043e+00
4.096293151378631592e-01,-1.314096450805664062e+00
3.651258349418640137e-01,-8.621972203254699707e-01
3.677082657814025879e-01,1.239099979400634766e+00
2.855351269245147705e-01,6.733793616294860840e-01
1.739379763603210449e+00,-5.341269969940185547e-01
-2.024189382791519165e-01,7.747970223426818848e-01
-1.463830828666687012e+00,-1.683551222085952759e-01
1.451066851615905762e+00,-5.232126712799072266e-01
8.106591701507568359e-01,-7.527437061071395874e-03
-7.408404350280761719e-01,3.362286090850830078e-01
-3.658924996852874756e-01,1.618675231933593750e+00
1.233110904693603516e+00,7.518863677978515625e-01
-1.342707633972167969e+00,-2.515888214111328125e-01
1.077128887176513672e+00,-7.044841647148132324e-01
4.035551548004150391e-01,-7.940914034843444824e-01
-7.014922797679901123e-02,-9.329974651336669922e-02
2.409773021936416626e-01,-7.287746667861938477e-01
-2.378488928079605103e-01,8.268603086471557617e-01
1.666908115148544312e-01,1.555047392845153809e+00
-1.825019717216491699e-04,-7.290814518928527832e-01
1.186904460191726685e-01,-1.144010066986083984e+00
7.696135640144348145e-01,-1.087189078330993652e+00
1.836673974990844727e+00,7.546626329421997070e-01
5.673189759254455566e-01,3.240018486976623535e-01
9.207448363304138184e-01,8.746092915534973145e-01
-1.206182718276977539e+00,-2.315783798694610596e-01
-2.512208819389343262e-01,-8.617713451385498047e-01
-4.637979567050933838e-01,-6.586456894874572754e-01
-2.569951415061950684e-01,2.199012756347656250e+00
6.607688665390014648e-01,5.471867322921752930e-01
1.066841602325439453e+00,-3.565207123756408691e-01
-1.035246253013610840e+00,4.385923594236373901e-02
7.058093547821044922e-01,-7.373095154762268066e-01
-3.491591513156890869e-01,-7.246906757354736328e-01
-1.514628171920776367e+00,6.610742211341857910e-01
1.591185033321380615e-01,-3.543414473533630371e-01
-9.752233028411865234e-01,-3.064076006412506104e-01
-5.993028283119201660e-01,-6.561181545257568359e-01
1.217949628829956055e+00,-3.774895668029785156e-01
1.175412774085998535e+00,-9.637571573257446289e-01
-8.673923611640930176e-01,2.625005245208740234e-01
-1.572812438011169434e+00,9.702378511428833008e-02
7.819402217864990234e-01,-4.405395686626434326e-01
1.439648866653442383e+00,-1.002585530281066895e+00
-2.508862316608428955e-02,1.134481191635131836e+00
1.388648867607116699e+00,5.361572504043579102e-01
-9.779255986213684082e-01,5.734388828277587891e-01
-3.700744509696960449e-01,-1.727611571550369263e-01
-6.956854462623596191e-02,2.269772529602050781e+00
3.849201202392578125e-01,-9.414770007133483887e-01
-1.545355319976806641e+00,5.810667276382446289e-01
6.747645139694213867e-01,1.507761329412460327e-01
8.419894576072692871e-01,-7.998879551887512207e-01
-4.580049216747283936e-01,-5.158331990242004395e-01
-9.215810298919677734e-01,1.175779581069946289e+00
1.600129127502441406e+00,-3.864252269268035889e-01
9.602996110916137695e-01,-1.052417039871215820e+00
-1.804215013980865479e-01,-9.683433920145034790e-02
-1.570783972740173340e+00,-2.978509664535522461e-01
-4.046463370323181152e-01,-1.232287406921386719e+00
1.285211324691772461e+00,-1.029539108276367188e+00
1.126030564308166504e+00,1.432944387197494507e-01
-4.391789138317108154e-01,1.995664834976196289e+00
2.670745134353637695e+00,-3.584608435630798340e-01
3.430327773094177246e-01,-1.202548027038574219e+00
-4.671332836151123047e-01,-3.867913484573364258e-01
-1.438587158918380737e-01,4.743206202983856201e-01
-1.043606877326965332e+00,6.162283420562744141e-01
-1.096235752105712891e+00,-3.857790529727935791e-01
4.631593227386474609e-01,-4.654202163219451904e-01
-2.379060387611389160e-01,1.838826060295104980e+00
9.544047117233276367e-01,7.004858553409576416e-02
2.219484329223632812e+00,3.906025290489196777e-01
7.592122554779052734e-01,-9.963296651840209961e-01
-6.598660945892333984e-01,-1.378903508186340332e+00
5.228466391563415527e-01,-6.110182404518127441e-01
-6.934922933578491211e-01,-8.997474312782287598e-01
-1.291256844997406006e-01,-9.750823378562927246e-01
9.052153825759887695e-01,-8.747259378433227539e-01
4.761533141136169434e-01,2.490921258926391602e+00
1.923354148864746094e+00,1.630449056625366211e+00
5.777446627616882324e-01,-5.655567049980163574e-01
9.535489082336425781e-01,-1.019018530845642090e+00
-1.575003117322921753e-01,6.842225790023803711e-01
-9.892451167106628418e-01,2.671669125556945801e-01
-3.637551367282867432e-01,-1.278406977653503418e+00
-8.335639238357543945e-01,2.170052289962768555e+00
-5.271485447883605957e-01,1.197493433952331543e+00
1.233867287635803223e+00,-5.879403948783874512e-01
-1.427944898605346680e+00,-5.392854809761047363e-01
-1.073743700981140137e+00,1.356877207756042480e+00
1.543691158294677734e+00,-7.681932449340820312e-01
1.312023043632507324e+00,2.913117706775665283e-01
-1.137762784957885742e+00,-3.830486536026000977e-01
-9.035226106643676758e-01,2.701075673103332520e-01
-7.437546849250793457e-01,-3.073752522468566895e-01
-1.437888026237487793e+00,3.173975050449371338e-01
-1.283821702003479004e+00,-2.501324713230133057e-01
1.114026784896850586e+00,9.396425634622573853e-02
8.175848722457885742e-01,2.238359928131103516e+00
-2.428592443466186523e-01,-1.174187660217285156e+00
-9.338135123252868652e-01,1.097623229026794434e+00
1.225519299507141113e+00,1.478802442550659180e+00
-1.473315358161926270e-01,-7.803781628608703613e-01
-2.699784636497497559e-01,-3.119225502014160156e-01
2.767572999000549316e-01,1.602928280830383301e+00
-4.778501987457275391e-01,-3.960526585578918457e-01
1.169037222862243652e+00,3.436487019062042236e-01
1.899556636810302734e+00,7.087750434875488281e-01
-1.857025474309921265e-01,-1.060448288917541504e+00
6.955931782722473145e-01,-1.088573694229125977e+00
-7.042326331138610840e-01,-1.183592915534973145e+00
-1.396237850189208984e+00,7.072408199310302734e-01
-1.559085130691528320e+00,6.791599094867706299e-02
3.528548032045364380e-02,-8.337313532829284668e-01
-1.601748943328857422e+00,7.699307203292846680e-01
-3.576101660728454590e-01,1.383148550987243652e+00
2.330295294523239136e-01,8.283813595771789551e-01
1.853555321693420410e+00,3.609445393085479736e-01
-1.523109436035156250e+00,4.057655334472656250e-01
-6.226080656051635742e-01,-1.137282729148864746e+00
-1.845947980880737305e+00,4.897575974464416504e-01
2.107280969619750977e+00,-3.321225643157958984e-01
-4.172845780849456787e-01,4.152402877807617188e-01
3.481762111186981201e-02,-9.253082275390625000e-01
-6.247993111610412598e-01,-6.882986426353454590e-01
-1.423219919204711914e+00,-1.110164523124694824e-01
2.248149156570434570e+00,2.243013083934783936e-01
7.550300359725952148e-01,-9.741731286048889160e-01
-5.767886340618133545e-02,-1.735357344150543213e-01
-1.153229475021362305e+00,-4.571444690227508545e-01
1.241039752960205078e+00,2.430564314126968384e-01
-1.525391817092895508e+00,8.851307034492492676e-01
6.388276815414428711e-03,-1.290955305099487305e+00
-8.207559585571289062e-01,1.631577014923095703e+00
-1.139158725738525391e+00,4.133153557777404785e-01
9.985652565956115723e-02,-1.233724713325500488e+00
4.526913166046142578e-01,1.780320763587951660e+00
-3.005013763904571533e-01,-8.015934824943542480e-01
-5.727279186248779297e-01,8.224201202392578125e-01
-1.394153118133544922e+00,4.960894584655761719e-04
1.626854181289672852e+00,3.041394650936126709e-01
1.043451189994812012e+00,-6.799123883247375488e-01
1.741536855697631836e+00,9.533039927482604980e-01
-1.523822069168090820e+00,2.293655872344970703e-01
-1.496757864952087402e+00,-2.724748849868774414e-02
-1.375101655721664429e-01,1.950243949890136719e+00
-1.590059399604797363e+00,2.383715808391571045e-01
-1.775123775005340576e-01,-5.237668156623840332e-01
5.760986804962158203e-01,1.361443996429443359e+00
-8.936251997947692871e-01,-7.648291587829589844e-01
-1.133591055870056152e+00,2.968536317348480225e-01
-1.188900351524353027e+00,-8.053653836250305176e-01
-7.285785079002380371e-01,-1.248541831970214844e+00
-4.401089251041412354e-01,-1.635006964206695557e-01
3.681877255439758301e-01,-8.031156659126281738e-01
2.531237363815307617e+00,2.470669269561767578e+00
-3.406933546066284180e-01,2.447917222976684570e+00
4.210639894008636475e-01,9.795131683349609375e-01
1.021734118461608887e+00,1.848519563674926758e+00
7.283008694648742676e-01,-1.065761685371398926e+00
5.404986739158630371e-01,8.697556704282760620e-02
-6.869111061096191406e-01,-1.313010931015014648e+00
6.087836623191833496e-01,-9.652023315429687500e-01
6.685401499271392822e-02,-6.131345033645629883e-02
1.049306035041809082e+00,2.213910408318042755e-02
-2.364720702171325684e-01,1.263102591037750244e-01
1.961361646652221680e+00,-7.330617904663085938e-01
-5.820643901824951172e-01,1.882752180099487305e+00
3.117599010467529297e+00,7.852220535278320312e-01
3.730816543102264404e-01,1.708290457725524902e+00
-2.943892776966094971e-01,1.339550614356994629e+00
3.736038208007812500e-01,-9.230045080184936523e-01
-1.491313725709915161e-01,1.797712564468383789e+00
-4.518252909183502197e-01,-4.229525327682495117e-01
1.145814299583435059e+00,-7.584335803985595703e-01
-4.213791489601135254e-01,-3.394574224948883057e-01
-1.317076086997985840e+00,-7.038910686969757080e-02
-5.327277183532714844e-01,-1.021452188491821289e+00
-2.999304234981536865e-01,-5.442790985107421875e-01
5.985321402549743652e-01,4.011560082435607910e-01
-2.442806959152221680e-02,-1.024451851844787598e+00
5.267991125583648682e-02,-3.613610863685607910e-01
1.705375194549560547e+00,1.071747183799743652e+00
-1.292371988296508789e+00,-4.756790399551391602e-01
-1.226246476173400879e+00,-2.373431622982025146e-01
5.039834380149841309e-01,8.454215526580810547e-01
2.010581493377685547e+00,-8.642761707305908203e-01
1.391512155532836914e-01,1.354870080947875977e+00
-1.059059739112854004e+00,3.777448236942291260e-01
7.521212100982666016e-03,7.727636694908142090e-01
-1.194197297096252441e+00,-2.291106730699539185e-01
-3.237688243389129639e-01,-3.167484402656555176e-01
5.741726756095886230e-01,-6.183089613914489746e-01
3.505279421806335449e-01,-1.168784379959106445e+00
-2.135162651538848877e-01,1.956045985221862793e+00
-7.108380794525146484e-01,-7.980201840400695801e-01
-9.069540500640869141e-01,-4.292646944522857666e-01
1.322792887687683105e+00,-1.073980093002319336e+00
-1.094309389591217041e-01,-5.272718071937561035e-01
-2.443643361330032349e-01,-1.086393833160400391e+00
-1.389436364173889160e+00,9.823541641235351562e-01
5.103561878204345703e-01,2.021307051181793213e-01
5.291257500648498535e-01,-1.209378957748413086e+00
1.559480875730514526e-01,1.856100440025329590e+00
-1.005413532257080078e+00,-6.829401850700378418e-01
1.578646183013916016e+00,-1.246568560600280762e+00
-1.399343252182006836e+00,-7.692404836416244507e-02
3.513995707035064697e-01,-1.200154304504394531e+00
1.220405101776123047e+00,7.398740649223327637e-01
4.192525446414947510e-01,2.095480918884277344e+00
-8.919299840927124023e-01,-5.110735297203063965e-01
1.307742714881896973e+00,-8.712288737297058105e-02
-9.033960849046707153e-02,7.822379469871520996e-02
1.927143454551696777e+00,1.008630275726318359e+00
9.849772453308105469e-01,-8.008506298065185547e-01
6.720767915248870850e-02,-8.834324479103088379e-01
-1.753822445869445801e+00,8.456574678421020508e-01
-5.704222917556762695e-01,5.439795255661010742e-01
-2.092337608337402344e-01,-1.946943402290344238e-01
-1.753609478473663330e-01,-1.337511420249938965e+00
-6.170344352722167969e-01,7.310885190963745117e-01
-1.391298770904541016e+00,-1.180383637547492981e-01
-4.239435791969299316e-01,-1.104177951812744141e+00
7.396148443222045898e-01,-1.139239549636840820e+00
-7.960316538810729980e-01,4.009621441364288330e-01
-4.666936695575714111e-01,1.522017598152160645e+00
-2.280794531106948853e-01,2.208380699157714844e+00
-1.488038182258605957e+00,8.293505012989044189e-02
2.817393541336059570e-01,3.095848798751831055e+00
1.190766453742980957e+00,1.846008539199829102e+00
4.852434247732162476e-02,5.652322173118591309e-01
2.102606147527694702e-01,5.617611408233642578e-01
-3.740578591823577881e-01,2.127183414995670319e-02
3.758649826049804688e-01,3.950563669204711914e-01
-8.482587337493896484e-01,1.238428950309753418e-01
-1.531733423471450806e-01,-1.148242592811584473e+00
2.772149085998535156e+00,1.572610855102539062e+00
-5.882880091667175293e-01,4.897530674934387207e-01
1.463310480117797852e+00,3.446719050407409668e-02
-1.266794800758361816e+00,3.693396449089050293e-01
4.158833026885986328e-01,-8.526747226715087891e-01
5.186489820480346680e-01,1.380808234214782715e+00
1.557011902332305908e-01,1.077766776084899902e+00
-3.901527523994445801e-01,-9.606696963310241699e-01
-1.043017148971557617e+00,-4.094763100147247314e-01
1.323424577713012695e+00,-1.282654166221618652e+00
-8.510541915893554688e-02,1.425094842910766602e+00
-9.428223371505737305e-01,-2.533459961414337158e-01
9.602237939834594727e-01,-8.361488580703735352e-01
-4.231729358434677124e-02,-1.228870153427124023e+00
1.377653956413269043e+00,-1.281791925430297852e-02
-1.434089243412017822e-02,-6.623488664627075195e-02
-3.748024702072143555e-01,-5.221703648567199707e-01
-1.081762671470642090e+00,4.319578409194946289e-02
-7.548062801361083984e-01,-1.460741996765136719e+00
-5.985517501831054688e-01,-5.834745764732360840e-01
3.877861499786376953e-01,-1.001117229461669922e+00
-6.494407057762145996e-01,-8.506492376327514648e-01
-1.023242831230163574e+00,-4.034769535064697266e-01
1.623713135719299316e+00,-3.366860151290893555e-01
1.165022492408752441e+00,-4.904643893241882324e-01
8.396640419960021973e-01,1.202205061912536621e+00
1.210921525955200195e+00,-1.476032614707946777e+00
-3.012419342994689941e-01,-5.659831762313842773e-01
-4.487594962120056152e-02,-1.162889599800109863e+00
8.460727930068969727e-01,-8.972151279449462891e-01
1.545213222503662109e+00,-5.820388793945312500e-01
1.608177065849304199e+00,-1.874181032180786133e-01
-1.360111474990844727e+00,2.230015397071838379e-01
-3.459237515926361084e-02,-1.124416232109069824e+00
-8.729224205017089844e-01,-1.153015851974487305e+00
-1.445519626140594482e-01,2.140994071960449219e+00
-6.809382438659667969e-01,7.471988350152969360e-02
1.609091520309448242e+00,-7.374809980392456055e-01
-8.787717819213867188e-01,-9.010305404663085938e-01
-3.392824828624725342e-01,-1.068701386451721191e+00
1.583687067031860352e+00,2.366219758987426758e+00
8.065177500247955322e-02,1.773226022720336914e+00
-1.163319349288940430e+00,-4.889066517353057861e-01
-7.564229369163513184e-01,-4.973267018795013428e-01
1.844783425331115723e+00,1.597979515790939331e-01
1.556349992752075195e-01,-6.936221718788146973e-01
7.042717337608337402e-01,1.622483432292938232e-01
-1.022537112236022949e+00,1.218403816223144531e+00
1.290186345577239990e-01,2.851564586162567139e-01
-1.058309316635131836e+00,-2.150956913828849792e-02
1.945522785186767578e+00,1.574888467788696289e+00
1.996663212776184082e-02,2.279214143753051758e+00
1.647487163543701172e+00,-4.156861305236816406e-01
5.489619821310043335e-02,1.009630322456359863e+00
3.584952354431152344e-01,-1.014557361602783203e+00
1.713682711124420166e-02,-9.199751019477844238e-01
-4.201138615608215332e-01,2.171544790267944336e+00
1.550021767616271973e-01,1.392203330993652344e+00
5.764730572700500488e-01,-1.328447341918945312e+00
6.248439848423004150e-02,-1.287762820720672607e-01
-5.171664357185363770e-01,-5.430930852890014648e-01
4.049574434757232666e-01,-7.010345458984375000e-01
1.493216276168823242e+00,-9.468334317207336426e-01
-6.329411268234252930e-01,-1.838778555393218994e-01
3.938717246055603027e-01,-1.101807117462158203e+00
6.212958097457885742e-01,1.326020002365112305e+00
1.153863430023193359e+00,-8.125987052917480469e-01
-7.482420206069946289e-01,-1.193260908126831055e+00
1.480506777763366699e+00,1.166161745786666870e-01
1.565112352371215820e+00,5.068770647048950195e-01
-1.151584386825561523e+00,1.233487278223037720e-01
6.803076267242431641e-01,-1.045452952384948730e+00
-1.333302617073059082e+00,-2.673681378364562988e-01
-9.878745079040527344e-01,8.056636452674865723e-01
-1.123923897743225098e+00,9.609689116477966309e-01
-1.397320628166198730e-01,-4.152281582355499268e-01
3.283596932888031006e-01,6.857624053955078125e-01
6.707668304443359375e-02,-4.401000738143920898e-01
-1.375023722648620605e+00,-3.886184692382812500e-01
-1.491080999374389648e+00,-3.387546166777610779e-03
-6.480379104614257812e-01,3.106243014335632324e-01
-1.114370942115783691e+00,2.039555087685585022e-02
-4.093230664730072021e-01,-1.217894315719604492e+00
-2.286325097084045410e-01,1.919416785240173340e+00
1.102888941764831543e+00,-1.033601999282836914e+00
2.461525499820709229e-01,1.438376188278198242e+00
-8.308725357055664062e-01,6.939615011215209961e-01
-9.097477793693542480e-01,1.259264707565307617e+00
9.797840714454650879e-01,-7.605373263359069824e-01
-1.629009842872619629e+00,7.921616435050964355e-01
-9.475964307785034180e-01,7.119827270507812500e-01
1.248112201690673828e+00,-1.071312069892883301e+00
-1.001372784376144409e-01,8.419384360313415527e-01
4.520153403282165527e-01,-1.097311496734619141e+00
1.405393838882446289e+00,-7.997431159019470215e-01
-2.781561017036437988e-01,1.865602254867553711e+00
6.631750464439392090e-01,-1.502381205558776855e+00
-5.388513803482055664e-01,-2.473037242889404297e-01
7.006577253341674805e-01,-4.138042032718658447e-01
1.684036552906036377e-01,4.184857308864593506e-01
1.607125997543334961e+00,-6.192327737808227539e-01
-1.436218500137329102e+00,3.468188047409057617e-01
-1.345052480697631836e+00,-1.048951372504234314e-01
-1.266890048980712891e+00,-5.847820043563842773e-01
-6.479640603065490723e-01,-9.779063463211059570e-01
-1.052178591489791870e-01,-1.110988140106201172e+00
1.334949135780334473e+00,-4.544076621532440186e-01
-1.516463756561279297e+00,6.866063177585601807e-02
-3.721139729022979736e-01,-3.034459352493286133e-01
6.561522483825683594e-01,-2.183085978031158447e-01
2.802952527999877930e+00,2.849563360214233398e-01
2.516607940196990967e-01,-7.134568095207214355e-01
-7.112388014793395996e-01,-2.501316368579864502e-03
7.429726123809814453e-01,-4.556027054786682129e-01
2.113185167312622070e+00,-7.050913572311401367e-01
1.062969565391540527e+00,-1.336764812469482422e+00
-3.098964095115661621e-01,-2.758964300155639648e-01
-8.764562606811523438e-01,1.053559541702270508e+00
1.304478287696838379e+00,5.508176684379577637e-01
-9.060565829277038574e-01,6.786920428276062012e-01
4.648601412773132324e-01,-4.139626771211624146e-02
-1.375498175621032715e+00,3.130510076880455017e-02
4.269803687930107117e-02,-2.327854037284851074e-01
-1.418934702873229980e+00,-3.304955363273620605e-01
-8.162724971771240234e-01,-9.213106632232666016e-01
1.166725009679794312e-01,1.229933381080627441e+00
-1.246938854455947876e-01,6.627885699272155762e-01
-1.609065651893615723e+00,9.427819252014160156e-01
5.488771200180053711e-01,-3.044871687889099121e-01
8.259643316268920898e-01,-2.234231978654861450e-01
-1.176198124885559082e+00,-3.105239272117614746e-01
1.567113876342773438e+00,-9.275214672088623047e-01
-3.300907611846923828e-01,1.598063588142395020e+00
5.156551599502563477e-01,-9.113759994506835938e-01
-1.134181499481201172e+00,4.809460788965225220e-02
-4.585899412631988525e-01,-4.826203882694244385e-01
-1.473067998886108398e+00,3.321880102157592773e-01
-7.471805810928344727e-01,2.488391101360321045e-01
-1.132806897163391113e+00,-7.701925933361053467e-02
-1.516765058040618896e-01,2.075791597366333008e+00
1.198256969451904297e+00,3.604414165019989014e-01
-9.098929166793823242e-01,1.290571212768554688e+00
3.095924854278564453e-01,2.542131185531616211e+00
4.299242794513702393e-01,-6.129497289657592773e-01
-1.222977042198181152e+00,-2.365339547395706177e-03
-9.394700080156326294e-02,-1.308607578277587891e+00
-7.637491822242736816e-01,4.961318373680114746e-01
-3.905143141746520996e-01,2.059504508972167969e+00
-8.164063096046447754e-01,1.537409782409667969e+00
-3.098418712615966797e-01,-3.463591337203979492e-01
1.427701473236083984e+00,2.784363180398941040e-02
-7.203408479690551758e-01,1.258593350648880005e-01
-1.079515814781188965e+00,1.046160817146301270e+00
8.927247524261474609e-01,-1.240574598312377930e+00
1.436222434043884277e+00,9.278717041015625000e-01
-1.255997717380523682e-01,-7.084106206893920898e-01
-9.878276586532592773e-01,-3.209130167961120605e-01
-4.924724400043487549e-01,-1.336428165435791016e+00
-1.158938884735107422e+00,5.202871561050415039e-01
-1.498677849769592285e+00,2.169032953679561615e-02
-1.650832891464233398e-01,-1.102637529373168945e+00
6.809160709381103516e-01,-4.384965002536773682e-01
-3.511621654033660889e-01,-9.259249567985534668e-01
-1.332498908042907715e+00,2.396845817565917969e-02
-6.718605160713195801e-01,-1.127767920494079590e+00
1.538557112216949463e-01,1.298986077308654785e+00
1.169457912445068359e+00,-1.176891803741455078e+00
1.474518537521362305e+00,-4.817668199539184570e-01
-9.216011166572570801e-01,1.630424261093139648e-01
-1.367097616195678711e+00,3.125273436307907104e-02
-1.621659040451049805e+00,3.696518540382385254e-01
2.169556140899658203e+00,-4.558466374874114990e-01
-3.468213975429534912e-02,2.142547130584716797e+00
-1.416354179382324219e+00,1.821487247943878174e-01
-5.083142518997192383e-01,-3.550083041191101074e-01
2.190215349197387695e+00,5.286923646926879883e-01
-8.303117156028747559e-01,-1.041352510452270508e+00
1.593809962272644043e+00,-3.288991749286651611e-01
-1.385449647903442383e+00,9.269660115242004395e-01
4.201200231909751892e-02,-1.197210311889648438e+00
1.336778402328491211e+00,1.318747699260711670e-01
-2.665727734565734863e-01,1.122866749763488770e+00
-1.001469373703002930e+00,4.416612982749938965e-01
2.437038421630859375e-01,-6.666676998138427734e-01
1.239136159420013428e-01,1.081620454788208008e+00
-4.307156205177307129e-01,1.586661577224731445e+00
-4.375931024551391602e-01,-5.514335036277770996e-01
-1.008896112442016602e+00,1.738271415233612061e-01
-9.700876474380493164e-01,-4.627591669559478760e-01
1.528009891510009766e+00,5.386812686920166016e-01
7.984005808830261230e-01,-1.575486898422241211e+00
1.897855848073959351e-01,-1.425706267356872559e+00
6.839865446090698242e-01,2.200633049011230469e+00
2.764185070991516113e-01,-4.050667583942413330e-02
-4.528582096099853516e-01,-4.140412807464599609e-01
-2.184830605983734131e-01,6.037706136703491211e-01
5.267918109893798828e-01,-9.229016304016113281e-01
9.928984642028808594e-01,-1.098290085792541504e+00
2.584615647792816162e-01,-1.290079832077026367e+00
1.082903861999511719e+00,1.714053153991699219e+00
2.336979627609252930e+00,3.629178553819656372e-02
4.133041203022003174e-01,-4.893619418144226074e-01
1.442440897226333618e-01,-1.292343497276306152e+00
-3.149400651454925537e-02,-2.107348293066024780e-01
9.110046923160552979e-02,-4.740127921104431152e-02
-1.138299822807312012e+00,3.144196867942810059e-01
-6.569225192070007324e-01,-9.276171326637268066e-01
-1.268995553255081177e-01,-5.407632887363433838e-02
-1.483943700790405273e+00,4.627296924591064453e-01
-1.316578984260559082e+00,6.429626345634460449e-01
-2.915199100971221924e-02,5.166915804147720337e-02
3.132289052009582520e-01,-1.228789329528808594e+00
-3.443573415279388428e-01,2.032098770141601562e+00
5.405105948448181152e-01,-1.258655071258544922e+00
1.978335976600646973e-01,-3.332731127738952637e-01
1.214922517538070679e-01,1.685651540756225586e+00
1.055899858474731445e+00,-2.436275184154510498e-01
-6.917763948440551758e-01,1.953948616981506348e+00
8.302645087242126465e-01,-1.160073518753051758e+00
3.217534720897674561e-02,-1.999867707490921021e-01
-4.301644861698150635e-02,1.210582852363586426e+00
-6.354838609695434570e-01,-8.594071865081787109e-01
-7.517193257808685303e-02,1.898110389709472656e+00
2.910952866077423096e-01,1.588912487030029297e+00
-7.022380828857421875e-01,4.796162843704223633e-01
-6.080144047737121582e-01,-9.002214670181274414e-01
-1.215716153383255005e-01,9.455161094665527344e-01
-5.757250785827636719e-01,-1.174808382987976074e+00
-3.064199388027191162e-01,-1.021137833595275879e-01
-6.207846999168395996e-01,9.933546185493469238e-02
-1.066586613655090332e+00,-5.447489619255065918e-01
1.891101896762847900e-01,7.247959375381469727e-01
6.420815587043762207e-01,3.860010504722595215e-01
-8.006970882415771484e-01,9.125239849090576172e-01
-1.597024500370025635e-01,2.138610601425170898e+00
-1.052944183349609375e+00,2.355905920267105103e-01
-5.225454270839691162e-02,7.833533287048339844e-01
-6.102447509765625000e-01,1.277371406555175781e+00
1.586116701364517212e-01,-8.833140134811401367e-01
-8.822985887527465820e-01,1.140465259552001953e+00
-7.768212556838989258e-01,-6.337888240814208984e-01
-4.603645205497741699e-01,1.239572525024414062e+00
9.279839992523193359e-01,-5.683146119117736816e-01
3.299886286258697510e-01,2.319055557250976562e+00
1.888120323419570923e-01,1.691687226295471191e+00
-1.404672622680664062e+00,-2.312798351049423218e-01
2.168128192424774170e-01,2.262714385986328125e+00
5.537022948265075684e-01,2.013812780380249023e+00
-1.527437865734100342e-01,-8.804733157157897949e-01
9.666029214859008789e-01,-1.144273519515991211e+00
6.524103879928588867e-01,-4.899502992630004883e-01
-2.733756601810455322e-01,-1.101025223731994629e+00
1.126479625701904297e+00,-9.857062101364135742e-01
8.800583481788635254e-01,-1.213463068008422852e+00
-1.251256585121154785e+00,-1.627017557621002197e-01
5.118415951728820801e-01,-1.100959062576293945e+00
1.677299261093139648e+00,-1.183739751577377319e-01
-1.088634133338928223e-03,1.921477556228637695e+00
-3.552752137184143066e-01,1.971743822097778320e+00
-9.316300153732299805e-01,3.523549437522888184e-01
-8.514681458473205566e-01,-5.583423376083374023e-01
-5.525644421577453613e-01,1.078617334365844727e+00
6.754047870635986328e-01,-1.207992911338806152e+00
-1.107297688722610474e-01,1.943043708801269531e+00
6.656509637832641602e-01,3.764601349830627441e-01
-1.190115451812744141e+00,1.992131710052490234e+00
2.019603252410888672e-01,1.472185254096984863e+00
-1.043265461921691895e+00,-5.558989048004150391e-01
4.982516169548034668e-01,2.006939172744750977e+00
3.518118858337402344e-01,-1.199491262435913086e+00
-1.882408410310745239e-01,1.558842182159423828e+00
8.417576551437377930e-01,-4.082569479942321777e-01
-9.202890992164611816e-01,-1.270973980426788330e-01
-3.268033564090728760e-01,3.535119295120239258e-01
-6.954838037490844727e-01,-1.044661521911621094e+00
5.486236810684204102e-01,-6.025252938270568848e-01
4.552834033966064453e-01,-1.122700572013854980e+00
-2.125651240348815918e-01,-2.142601907253265381e-01
-4.785804152488708496e-01,-7.838525176048278809e-01
-1.110707879066467285e+00,7.334886789321899414e-01
-1.368520259857177734e-01,1.080687999725341797e+00
-2.860491871833801270e-01,-1.534564852714538574e+00
1.576841711997985840e+00,1.498018741607666016e+00
-3.187564313411712646e-01,2.078913211822509766e+00
2.207305729389190674e-01,-1.142025589942932129e+00
-9.626382589340209961e-01,1.617299318313598633e+00
7.705926299095153809e-01,2.324621975421905518e-01
6.402292102575302124e-02,3.260376453399658203e-01
1.673685908317565918e+00,2.677794694900512695e-01
1.179400205612182617e+00,6.512680053710937500e-01
2.170423507690429688e+00,2.681934237480163574e-01
7.805365324020385742e-02,1.109059572219848633e+00
6.103453636169433594e-01,-6.692301034927368164e-01
8.273449540138244629e-01,2.937062978744506836e-01
1.515227556228637695e+00,-1.296720027923583984e+00
-1.213826656341552734e+00,2.792981266975402832e-01
-2.089505493640899658e-01,1.295036673545837402e-01
-8.224729299545288086e-01,1.249618411064147949e+00
1.680028438568115234e+00,4.975377023220062256e-02
-4.504937529563903809e-01,2.086160659790039062e+00
-1.105804070830345154e-01,-1.248162269592285156e+00
-1.223266124725341797e+00,-3.841213583946228027e-01
-8.643665313720703125e-01,-1.318802833557128906e+00
1.557293534278869629e-01,-4.899607598781585693e-01
8.437321782112121582e-01,-9.704384207725524902e-01
-1.421278476715087891e+00,7.189667820930480957e-01
1.202289819717407227e+00,-6.497117877006530762e-01
1.138342618942260742e-01,1.458074092864990234e+00
-1.879691332578659058e-01,-1.045723259449005127e-01
4.682751297950744629e-01,-5.340805649757385254e-01
1.426247119903564453e+00,8.725651502609252930e-01
-3.883883357048034668e-01,4.502840340137481689e-02
-5.746392011642456055e-01,-4.674566984176635742e-01
1.275216698646545410e+00,-2.027922123670578003e-01
-1.017535686492919922e+00,-3.053342700004577637e-01
-1.081604957580566406e+00,4.162470996379852295e-01
9.018695354461669922e-01,-4.950880408287048340e-01
-9.072934389114379883e-01,5.139181017875671387e-01
-1.914379298686981201e-01,2.365330219268798828e+00
1.358465433120727539e+00,2.395594716072082520e-01
1.959708213806152344e+00,-8.167132735252380371e-02
-1.174889653921127319e-01,4.912719726562500000e-01
1.416242480278015137e+00,3.515090048313140869e-02
1.746416687965393066e-01,1.902811169624328613e+00
7.009375095367431641e-01,-4.403299093246459961e-01
4.222257733345031738e-01,2.238336086273193359e+00
-4.502946734428405762e-01,1.722010612487792969e+00
8.474003672599792480e-01,-2.403150796890258789e-01
-1.067234396934509277e+00,9.351504445075988770e-01
1.373832941055297852e+00,-7.631307840347290039e-01
-1.240733504295349121e+00,-6.533399969339370728e-02
-1.134412646293640137e+00,1.358973085880279541e-01
8.066648244857788086e-01,-1.033446788787841797e+00
-5.694819688796997070e-01,-5.239793062210083008e-01
-1.240734577178955078e+00,3.492271304130554199e-01
8.263328075408935547e-01,-1.278843164443969727e+00
-2.909872531890869141e-01,1.534938216209411621e+00
-1.752216964960098267e-01,2.884395718574523926e-01
-4.051308333873748779e-01,1.899908781051635742e+00
2.828162610530853271e-01,2.406312227249145508e+00
3.581308722496032715e-01,2.074839115142822266e+00
4.374715685844421387e-01,-7.966317534446716309e-01
3.728517293930053711e-01,-1.016578912734985352e+00
-4.691318273544311523e-01,2.366105318069458008e-01
-5.231012403964996338e-02,1.943346858024597168e-02
1.733637899160385132e-01,1.728416606783866882e-02
1.372610479593276978e-01,-6.044672727584838867e-01
-4.051553606986999512e-01,-1.063974976539611816e+00
-1.235005259513854980e+00,4.380235448479652405e-02
2.222759246826171875e+00,1.176154732704162598e+00
-2.069877088069915771e-01,5.428246855735778809e-01
2.289276599884033203e+00,1.747750043869018555e+00
2.046437501907348633e+00,2.231093347072601318e-01
-1.296250820159912109e-01,2.291480302810668945e+00
1.333462119102478027e+00,-4.108371436595916748e-01
5.402995944023132324e-01,-1.588139832019805908e-01
7.419826984405517578e-01,3.188829496502876282e-02
4.416406154632568359e-01,9.589006900787353516e-01
1.886234059929847717e-02,-9.135815501213073730e-01
1.767011046409606934e+00,-4.382999241352081299e-01
7.217618823051452637e-01,-6.542450785636901855e-01
8.480331897735595703e-01,-1.364995956420898438e+00
6.679900288581848145e-01,1.772219657897949219e+00
8.621596693992614746e-01,-1.376093327999114990e-01
3.954290747642517090e-01,-7.421979308128356934e-01
-7.691775560379028320e-01,1.578421115875244141e+00
-1.612971425056457520e+00,-2.528325319290161133e-01
-4.852994978427886963e-01,1.604338407516479492e+00
-1.294192314147949219e+00,9.903114289045333862e-02
1.440849304199218750e+00,-7.957287430763244629e-01
1.117041826248168945e+00,-8.972157239913940430e-01
-8.494506478309631348e-01,-6.212968826293945312e-01
1.048390626907348633e+00,-7.705267667770385742e-01
-3.365769982337951660e-01,1.364982724189758301e+00
2.051386356353759766e+00,1.210863828659057617e+00
-1.400315284729003906e+00,1.065678745508193970e-01
-1.244682073593139648e+00,4.307121038436889648e-01
-1.397451460361480713e-01,2.453049644827842712e-03
8.825939148664474487e-03,-1.254241585731506348e+00
8.125675916671752930e-01,2.497825920581817627e-01
-1.024083852767944336e+00,-1.607062220573425293e-01
1.576997488737106323e-01,-8.963239192962646484e-01
7.735623121261596680e-01,-5.404775142669677734e-01
2.488641738891601562e+00,-2.115856409072875977e-01
-9.616223573684692383e-01,-2.355915307998657227e-01
-4.361107051372528076e-01,-1.046435356140136719e+00
-3.764852881431579590e-02,4.359154105186462402e-01
-1.311333656311035156e+00,-3.398335874080657959e-01
2.189799845218658447e-01,6.329227685928344727e-01
-3.993960916996002197e-01,1.238409757614135742e+00
4.135222733020782471e-01,-3.059785366058349609e-01
-4.081267863512039185e-02,-5.205160379409790039e-01
1.456000059843063354e-01,-6.684070825576782227e-01
-1.338086366653442383e+00,-4.563847780227661133e-01
8.667870163917541504e-01,-7.199949771165847778e-02
2.637296915054321289e-01,-1.344097375869750977e+00
-5.904808044433593750e-01,-7.598387598991394043e-01
-8.761220574378967285e-01,-8.625218272209167480e-02
1.019552826881408691e+00,-1.284109592437744141e+00
1.642202973365783691e+00,-2.798048257827758789e-01
-1.119444727897644043e+00,5.674605369567871094e-01
-1.205486774444580078e+00,6.542958021163940430e-01
-8.045636415481567383e-01,5.833905339241027832e-01
-3.571762144565582275e-02,1.205122232437133789e+00
1.251528382301330566e+00,-1.210188508033752441e+00
-6.131182312965393066e-01,-6.587713956832885742e-01
-9.791663289070129395e-01,6.160429716110229492e-01
-4.247407317161560059e-01,-9.612335562705993652e-01
5.035997629165649414e-01,4.299841225147247314e-01
-1.818946376442909241e-02,-1.183239221572875977e+00
3.154672980308532715e-01,-7.876500487327575684e-01
1.054545998573303223e+00,-4.224257767200469971e-01
8.430837392807006836e-01,-1.147711515426635742e+00
5.819047689437866211e-01,-1.443542599678039551e+00
1.799575328826904297e+00,-1.358136534690856934e-02
5.026050806045532227e-01,-1.258365988731384277e+00
-1.479509830474853516e+00,-6.173900961875915527e-01
1.479696154594421387e+00,2.638654038310050964e-02
-1.490920662879943848e+00,1.136561110615730286e-01
-8.054596185684204102e-01,7.356511950492858887e-01
-8.349663019180297852e-01,-8.854293227195739746e-01
-6.620579361915588379e-01,2.161042928695678711e+00
-4.868231117725372314e-01,1.298163890838623047e+00
7.579884529113769531e-01,-1.229868888854980469e+00
1.077750325202941895e+00,9.389214217662811279e-02
8.791513442993164062e-01,-9.901855885982513428e-02
4.263236820697784424e-01,-8.295439481735229492e-01
-2.768563628196716309e-01,-8.796941041946411133e-01
-8.717021346092224121e-01,1.512368679046630859e+00
-7.874366044998168945e-01,-1.105857610702514648e+00
8.021858930587768555e-01,-9.363392591476440430e-01
-8.780431747436523438e-01,5.944252014160156250e-01
1.681870460510253906e+00,5.149500966072082520e-01
1.289224177598953247e-01,1.986520290374755859e+00
6.497889757156372070e-03,1.091840624809265137e+00
-9.446160197257995605e-01,7.734884619712829590e-01
2.894878387451171875e-03,1.579777479171752930e+00
-1.032684206962585449e+00,1.144252896308898926e+00
-1.221979618072509766e+00,3.146904408931732178e-01
1.523245334625244141e+00,-2.770452201366424561e-01
1.148421764373779297e+00,-1.120161771774291992e+00
-1.275120675563812256e-01,9.883428812026977539e-01
5.537997558712959290e-02,1.104889273643493652e+00
-6.060715019702911377e-02,9.915926456451416016e-01
-1.327731966972351074e+00,4.055586457252502441e-02
1.122314691543579102e+00,-1.063565731048583984e+00
-1.165227532386779785e+00,-2.109198570251464844e-01
6.757675409317016602e-01,-1.329425215721130371e+00
-1.311517804861068726e-01,1.289913892745971680e+00
-1.801644802093505859e+00,7.688950300216674805e-01
-6.889589130878448486e-02,-1.067590355873107910e+00
-1.311591744422912598e+00,1.153367280960083008e+00
-1.155540347099304199e+00,-4.220139980316162109e-01
-4.893054813146591187e-02,-1.206210970878601074e+00
1.126075744628906250e+00,-1.282156348228454590e+00
4.163649976253509521e-01,1.504194498062133789e+00
6.199479699134826660e-01,-1.428643912076950073e-01
-1.142682075500488281e+00,6.711108982563018799e-02
1.329422116279602051e+00,-7.695026397705078125e-01
3.291524350643157959e-01,1.240546703338623047e+00
2.857359051704406738e-01,-8.300340175628662109e-01
2.793374061584472656e-01,1.976893424987792969e+00
1.810026168823242188e+00,1.232536673545837402e+00
1.012691855430603027e+00,-8.455128073692321777e-01
4.525265097618103027e-01,7.489026784896850586e-01
-1.388612985610961914e+00,2.369198799133300781e-01
-1.097899079322814941e+00,9.728327989578247070e-01
1.586008310317993164e+00,5.208244919776916504e-01
-7.731102705001831055e-01,-9.361844658851623535e-01
-1.364425778388977051e+00,3.252848982810974121e-01
4.785066545009613037e-01,-7.321015596389770508e-01
2.820155620574951172e-01,-1.089345335960388184e+00
9.977950453758239746e-01,-7.058790922164916992e-01
2.012362480163574219e+00,-1.301235258579254150e-01
-4.367133975028991699e-01,-9.978962540626525879e-01
-1.284048795700073242e+00,-6.624184846878051758e-01
1.325452029705047607e-01,1.555566310882568359e+00
